ds,y
2020-06-12 00:00:00,13494062
2020-06-12 01:00:00,13000721
2020-06-12 02:00:00,8362533
2020-06-12 03:00:00,6127788
2020-06-12 04:00:00,5891282
2020-06-12 05:00:00,7352224
2020-06-12 06:00:00,10287959
2020-06-12 07:00:00,14371417
2020-06-12 08:00:00,18763415
2020-06-12 09:00:00,22596314
2020-06-12 10:00:00,25039631
2020-06-12 11:00:00,25930321
2020-06-12 12:00:00,26166841
2020-06-12 13:00:00,26149433
2020-06-12 14:00:00,25494107
2020-06-12 15:00:00,25420222
2020-06-12 16:00:00,26125359
2020-06-12 17:00:00,28293018
2020-06-12 18:00:00,28869882
2020-06-12 19:00:00,29506544
2020-06-12 20:00:00,30642117
2020-06-12 21:00:00,31836916
2020-06-12 22:00:00,30852326
2020-06-12 23:00:00,26362575
2020-06-13 00:00:00,19445946
2020-06-13 01:00:00,12943992
2020-06-13 02:00:00,8325941
2020-06-13 03:00:00,6141476
2020-06-13 04:00:00,5698228
2020-06-13 05:00:00,6886548
2020-06-13 06:00:00,9449459
2020-06-13 07:00:00,13272509
2020-06-13 08:00:00,17400573
2020-06-13 09:00:00,21260607
2020-06-13 10:00:00,23489850
2020-06-13 11:00:00,24603711
2020-06-13 12:00:00,24883570
2020-06-13 13:00:00,25364383
2020-06-13 14:00:00,24997089
2020-06-13 15:00:00,25308089
2020-06-13 16:00:00,25288256
2020-06-13 17:00:00,25655798
2020-06-13 18:00:00,26418524
2020-06-13 19:00:00,27712216
2020-06-13 20:00:00,29897096
2020-06-13 21:00:00,30875851
2020-06-13 22:00:00,30081451
2020-06-13 23:00:00,26750725
2020-06-14 00:00:00,19929154
2020-06-14 01:00:00,13069154
2020-06-14 02:00:00,8410353
2020-06-14 03:00:00,5968266
2020-06-14 04:00:00,5301624
2020-06-14 05:00:00,6428819
2020-06-14 06:00:00,8865572
2020-06-14 07:00:00,12592312
2020-06-14 08:00:00,17023784
2020-06-14 09:00:00,21164811
2020-06-14 10:00:00,24282917
2020-06-14 11:00:00,25377661
2020-06-14 12:00:00,26036631
2020-06-14 13:00:00,25373961
2020-06-14 14:00:00,25659585
2020-06-14 15:00:00,25558130
2020-06-14 16:00:00,25918264
2020-06-14 17:00:00,26760863
2020-06-14 18:00:00,27892616
2020-06-14 19:00:00,29926896
2020-06-14 20:00:00,31888654
2020-06-14 21:00:00,33121641
2020-06-14 22:00:00,32036855
2020-06-14 23:00:00,26995561
2020-06-15 00:00:00,19310444
2020-06-15 01:00:00,12184504
2020-06-15 02:00:00,7731646
2020-06-15 03:00:00,5747712
2020-06-15 04:00:00,5876568
2020-06-15 05:00:00,7836900
2020-06-15 06:00:00,11293310
2020-06-15 07:00:00,15484689
2020-06-15 08:00:00,19682713
2020-06-15 09:00:00,23124641
2020-06-15 10:00:00,25557008
2020-06-15 11:00:00,26476390
2020-06-15 12:00:00,26495647
2020-06-15 13:00:00,26517446
2020-06-15 14:00:00,25894500
2020-06-15 15:00:00,25506033
2020-06-15 16:00:00,26303015
2020-06-15 17:00:00,26109737
2020-06-15 18:00:00,27935353
2020-06-15 19:00:00,30011467
2020-06-15 20:00:00,32069455
2020-06-15 21:00:00,32661070
2020-06-15 22:00:00,32197629
2020-06-15 23:00:00,26715277
2020-06-16 00:00:00,18717544
2020-06-16 01:00:00,11639457
2020-06-16 02:00:00,7315215
2020-06-16 03:00:00,5476546
2020-06-16 04:00:00,5589839
2020-06-16 05:00:00,7419561
2020-06-16 06:00:00,10704483
2020-06-16 07:00:00,14862756
2020-06-16 08:00:00,18778826
2020-06-16 09:00:00,19339734
2020-06-16 10:00:00,24677403
2020-06-16 11:00:00,25426301
2020-06-16 12:00:00,25624973
2020-06-16 13:00:00,25726333
2020-06-16 14:00:00,25622472
2020-06-16 15:00:00,25418365
2020-06-16 16:00:00,25829139
2020-06-16 17:00:00,26657262
2020-06-16 18:00:00,27246745
2020-06-16 19:00:00,28471252
2020-06-16 20:00:00,30050806
2020-06-16 21:00:00,31624543
2020-06-16 22:00:00,30750194
2020-06-16 23:00:00,25956264
2020-06-17 00:00:00,18604439
2020-06-17 01:00:00,11562384
2020-06-17 02:00:00,7294731
2020-06-17 03:00:00,5337178
2020-06-17 04:00:00,5453859
2020-06-17 05:00:00,7231387
2020-06-17 06:00:00,10549328
2020-06-17 07:00:00,14652135
2020-06-17 08:00:00,18496768
2020-06-17 09:00:00,22128593
2020-06-17 10:00:00,24164252
2020-06-17 11:00:00,25200901
2020-06-17 12:00:00,25710879
2020-06-17 13:00:00,30221813
2020-06-17 14:00:00,29836830
2020-06-17 15:00:00,28373867
2020-06-17 16:00:00,27844242
2020-06-17 17:00:00,28799301
2020-06-17 18:00:00,29154179
2020-06-17 19:00:00,29995622
2020-06-17 20:00:00,31862598
2020-06-17 21:00:00,33331261
2020-06-17 22:00:00,32746566
2020-06-17 23:00:00,27969673
2020-06-18 00:00:00,19183496
2020-06-18 01:00:00,11751641
2020-06-18 02:00:00,7353975
2020-06-18 03:00:00,5471028
2020-06-18 04:00:00,5593104
2020-06-18 05:00:00,7409757
2020-06-18 06:00:00,10747722
2020-06-18 07:00:00,14847306
2020-06-18 08:00:00,18996236
2020-06-18 09:00:00,22338048
2020-06-18 10:00:00,24518720
2020-06-18 11:00:00,25374433
2020-06-18 12:00:00,25531631
2020-06-18 13:00:00,25047134
2020-06-18 14:00:00,25037912
2020-06-18 15:00:00,25378507
2020-06-18 16:00:00,25282530
2020-06-18 17:00:00,25675721
2020-06-18 18:00:00,26944259
2020-06-18 19:00:00,28569228
2020-06-18 20:00:00,30436757
2020-06-18 21:00:00,32534418
2020-06-18 22:00:00,31366615
2020-06-18 23:00:00,25972058
2020-06-19 00:00:00,17421117
2020-06-19 01:00:00,10727441
2020-06-19 02:00:00,6959152
2020-06-19 03:00:00,5157364
2020-06-19 04:00:00,5297211
2020-06-19 05:00:00,7072755
2020-06-19 06:00:00,10327945
2020-06-19 07:00:00,14367154
2020-06-19 08:00:00,18295966
2020-06-19 09:00:00,21672073
2020-06-19 10:00:00,24078132
2020-06-19 11:00:00,25084991
2020-06-19 12:00:00,25415070
2020-06-19 13:00:00,24924195
2020-06-19 14:00:00,25875473
2020-06-19 15:00:00,26421311
2020-06-19 16:00:00,26247143
2020-06-19 17:00:00,26919132
2020-06-19 18:00:00,27849993
2020-06-19 19:00:00,28953629
2020-06-19 20:00:00,31041373
2020-06-19 21:00:00,32010605
2020-06-19 22:00:00,31991810
2020-06-19 23:00:00,27079564
2020-06-20 00:00:00,19662968
2020-06-20 01:00:00,12671902
2020-06-20 02:00:00,8006016
2020-06-20 03:00:00,5739039
2020-06-20 04:00:00,5406403
2020-06-20 05:00:00,6736698
2020-06-20 06:00:00,9492487
2020-06-20 07:00:00,13356041
2020-06-20 08:00:00,17660154
2020-06-20 09:00:00,21507228
2020-06-20 10:00:00,23841799
2020-06-20 11:00:00,24964213
2020-06-20 12:00:00,25216395
2020-06-20 13:00:00,24811570
2020-06-20 14:00:00,24956526
2020-06-20 15:00:00,24775876
2020-06-20 16:00:00,25069364
2020-06-20 17:00:00,25437651
2020-06-20 18:00:00,26434522
2020-06-20 19:00:00,27358654
2020-06-20 20:00:00,29118657
2020-06-20 21:00:00,31080391
2020-06-20 22:00:00,30261622
2020-06-20 23:00:00,26156361
2020-06-21 00:00:00,19497542
2020-06-21 01:00:00,12841193
2020-06-21 02:00:00,8184126
2020-06-21 03:00:00,5739654
2020-06-21 04:00:00,5125678
2020-06-21 05:00:00,6011185
2020-06-21 06:00:00,8371308
2020-06-21 07:00:00,11987124
2020-06-21 08:00:00,16332925
2020-06-21 09:00:00,20550762
2020-06-21 10:00:00,23455415
2020-06-21 11:00:00,24811909
2020-06-21 12:00:00,25558522
2020-06-21 13:00:00,25307542
2020-06-21 14:00:00,25568032
2020-06-21 15:00:00,25363066
2020-06-21 16:00:00,25543458
2020-06-21 17:00:00,27264509
2020-06-21 18:00:00,28935700
2020-06-21 19:00:00,29636050
2020-06-21 20:00:00,31285639
2020-06-21 21:00:00,32280015
2020-06-21 22:00:00,30988244
2020-06-21 23:00:00,25819456
2020-06-22 00:00:00,18130765
2020-06-22 01:00:00,11259234
2020-06-22 02:00:00,7104150
2020-06-22 03:00:00,5259633
2020-06-22 04:00:00,5461069
2020-06-22 05:00:00,7190308
2020-06-22 06:00:00,10512044
2020-06-22 07:00:00,14463105
2020-06-22 08:00:00,18306022
2020-06-22 09:00:00,21542452
2020-06-22 10:00:00,23724995
2020-06-22 11:00:00,24785810
2020-06-22 12:00:00,25440810
2020-06-22 13:00:00,25590628
2020-06-22 14:00:00,26216806
2020-06-22 15:00:00,26561071
2020-06-22 16:00:00,26805619
2020-06-22 17:00:00,27888294
2020-06-22 18:00:00,29098145
2020-06-22 19:00:00,30793815
2020-06-22 20:00:00,33111996
2020-06-22 21:00:00,34380602
2020-06-22 22:00:00,33383475
2020-06-22 23:00:00,27207967
2020-06-23 00:00:00,19072934
2020-06-23 01:00:00,11674002
2020-06-23 02:00:00,7153233
2020-06-23 03:00:00,5381048
2020-06-23 04:00:00,5600002
2020-06-23 05:00:00,7542041
2020-06-23 06:00:00,11072859
2020-06-23 07:00:00,15315818
2020-06-23 08:00:00,19426760
2020-06-23 09:00:00,22798513
2020-06-23 10:00:00,25412171
2020-06-23 11:00:00,26790613
2020-06-23 12:00:00,27331655
2020-06-23 13:00:00,27066802
2020-06-23 14:00:00,27674536
2020-06-23 15:00:00,27579931
2020-06-23 16:00:00,27651884
2020-06-23 17:00:00,28175634
2020-06-23 18:00:00,28670440
2020-06-23 19:00:00,31674348
2020-06-23 20:00:00,33936476
2020-06-23 21:00:00,35615536
2020-06-23 22:00:00,35094164
2020-06-23 23:00:00,29676119
2020-06-24 00:00:00,21239208
2020-06-24 01:00:00,13248553
2020-06-24 02:00:00,8174446
2020-06-24 03:00:00,5904803
2020-06-24 04:00:00,5780134
2020-06-24 05:00:00,7389858
2020-06-24 06:00:00,10691179
2020-06-24 07:00:00,15125570
2020-06-24 08:00:00,20067011
2020-06-24 09:00:00,24455446
2020-06-24 10:00:00,26735193
2020-06-24 11:00:00,28585998
2020-06-24 12:00:00,37113374
2020-06-24 13:00:00,48940927
2020-06-24 14:00:00,39355923
2020-06-24 15:00:00,36247733
2020-06-24 16:00:00,30306746
2020-06-24 17:00:00,27791124
2020-06-24 18:00:00,31550608
2020-06-24 19:00:00,34081001
2020-06-24 20:00:00,36582825
2020-06-24 21:00:00,38599728
2020-06-24 22:00:00,38104412
2020-06-24 23:00:00,31705253
2020-06-25 00:00:00,22356627
2020-06-25 01:00:00,13510429
2020-06-25 02:00:00,8321530
2020-06-25 03:00:00,6161704
2020-06-25 04:00:00,6597411
2020-06-25 05:00:00,8914265
2020-06-25 06:00:00,13059143
2020-06-25 07:00:00,17837104
2020-06-25 08:00:00,22156112
2020-06-25 09:00:00,26041768
2020-06-25 10:00:00,28945153
2020-06-25 11:00:00,30220098
2020-06-25 12:00:00,30693148
2020-06-25 13:00:00,31172332
2020-06-25 14:00:00,31214267
2020-06-25 15:00:00,33545409
2020-06-25 16:00:00,36496807
2020-06-25 17:00:00,36228524
2020-06-25 18:00:00,37419673
2020-06-25 19:00:00,38029036
2020-06-25 20:00:00,39535410
2020-06-25 21:00:00,41236956
2020-06-25 22:00:00,40452581
2020-06-25 23:00:00,32803958
2020-06-26 00:00:00,22948324
2020-06-26 01:00:00,15126622
2020-06-26 02:00:00,7956994
2020-06-26 03:00:00,5998362
2020-06-26 04:00:00,7525740
2020-06-26 05:00:00,10270472
2020-06-26 06:00:00,14840261
2020-06-26 07:00:00,20086381
2020-06-26 08:00:00,24639611
2020-06-26 09:00:00,29574793
2020-06-26 10:00:00,33662570
2020-06-26 11:00:00,34779983
2020-06-26 12:00:00,34096412
2020-06-26 13:00:00,33305574
2020-06-26 14:00:00,33104381
2020-06-26 15:00:00,32969173
2020-06-26 16:00:00,32180709
2020-06-26 17:00:00,31416641
2020-06-26 18:00:00,30985323
2020-06-26 19:00:00,32424798
2020-06-26 20:00:00,33649922
2020-06-26 21:00:00,35186198
2020-06-26 22:00:00,35941578
2020-06-26 23:00:00,31378912
2020-06-27 00:00:00,22376886
2020-06-27 01:00:00,14359359
2020-06-27 02:00:00,9224971
2020-06-27 03:00:00,6711761
2020-06-27 04:00:00,6511134
2020-06-27 05:00:00,8206114
2020-06-27 06:00:00,11664503
2020-06-27 07:00:00,16298940
2020-06-27 08:00:00,21327447
2020-06-27 09:00:00,26005032
2020-06-27 10:00:00,28392048
2020-06-27 11:00:00,29483268
2020-06-27 12:00:00,30175891
2020-06-27 13:00:00,30601853
2020-06-27 14:00:00,29769611
2020-06-27 15:00:00,30142998
2020-06-27 16:00:00,29859539
2020-06-27 17:00:00,31110665
2020-06-27 18:00:00,34564323
2020-06-27 19:00:00,36290068
2020-06-27 20:00:00,36898047
2020-06-27 21:00:00,39329305
2020-06-27 22:00:00,36538349
2020-06-27 23:00:00,30778895
2020-06-28 00:00:00,22669067
2020-06-28 01:00:00,14859979
2020-06-28 02:00:00,9463378
2020-06-28 03:00:00,6818836
2020-06-28 04:00:00,6209456
2020-06-28 05:00:00,7594162
2020-06-28 06:00:00,10569624
2020-06-28 07:00:00,15074857
2020-06-28 08:00:00,20249351
2020-06-28 09:00:00,24812371
2020-06-28 10:00:00,27762845
2020-06-28 11:00:00,30298589
2020-06-28 12:00:00,31239213
2020-06-28 13:00:00,31407859
2020-06-28 14:00:00,32779622
2020-06-28 15:00:00,32082156
2020-06-28 16:00:00,31776755
2020-06-28 17:00:00,32388626
2020-06-28 18:00:00,33984914
2020-06-28 19:00:00,36798576
2020-06-28 20:00:00,37679386
2020-06-28 21:00:00,39423328
2020-06-28 22:00:00,38128832
2020-06-28 23:00:00,31757841
2020-06-29 00:00:00,21993923
2020-06-29 01:00:00,13501873
2020-06-29 02:00:00,8433889
2020-06-29 03:00:00,6472804
2020-06-29 04:00:00,6790357
2020-06-29 05:00:00,9081488
2020-06-29 06:00:00,13257536
2020-06-29 07:00:00,18512628
2020-06-29 08:00:00,22667511
2020-06-29 09:00:00,26638701
2020-06-29 10:00:00,30363534
2020-06-29 11:00:00,31051293
2020-06-29 12:00:00,31570289
2020-06-29 13:00:00,31564218
2020-06-29 14:00:00,30996021
2020-06-29 15:00:00,30861544
2020-06-29 16:00:00,30882187
2020-06-29 17:00:00,31506432
2020-06-29 18:00:00,32089390
2020-06-29 19:00:00,34995275
2020-06-29 20:00:00,37595024
2020-06-29 21:00:00,39270080
2020-06-29 22:00:00,38087939
2020-06-29 23:00:00,31175671
2020-06-30 00:00:00,21169376
2020-06-30 01:00:00,12777045
2020-06-30 02:00:00,7947950
2020-06-30 03:00:00,6038202
2020-06-30 04:00:00,6344623
2020-06-30 05:00:00,8669763
2020-06-30 06:00:00,12541617
2020-06-30 07:00:00,17161685
2020-06-30 08:00:00,22126843
2020-06-30 09:00:00,25750096
2020-06-30 10:00:00,27965183
2020-06-30 11:00:00,29569655
2020-06-30 12:00:00,29368930
2020-06-30 13:00:00,28662790
2020-06-30 14:00:00,28092552
2020-06-30 15:00:00,28837454
2020-06-30 16:00:00,30848705
2020-06-30 17:00:00,31007417
2020-06-30 18:00:00,32014826
2020-06-30 19:00:00,33610787
2020-06-30 20:00:00,35250282
2020-06-30 21:00:00,37289152
2020-06-30 22:00:00,36437573
2020-06-30 23:00:00,30989407
2020-07-01 00:00:00,21699735
2020-07-01 01:00:00,13627736
2020-07-01 02:00:00,8487995
2020-07-01 03:00:00,6155833
2020-07-01 04:00:00,6134052
2020-07-01 05:00:00,7936786
2020-07-01 06:00:00,11468867
2020-07-01 07:00:00,16068343
2020-07-01 08:00:00,21390383
2020-07-01 09:00:00,25456953
2020-07-01 10:00:00,27954910
2020-07-01 11:00:00,29209552
2020-07-01 12:00:00,29863708
2020-07-01 13:00:00,29072001
2020-07-01 14:00:00,28677544
2020-07-01 15:00:00,29252666
2020-07-01 16:00:00,29103234
2020-07-01 17:00:00,29448744
2020-07-01 18:00:00,30423218
2020-07-01 19:00:00,32259848
2020-07-01 20:00:00,35290144
2020-07-01 21:00:00,36557946
2020-07-01 22:00:00,35769654
2020-07-01 23:00:00,30470214
2020-07-02 00:00:00,21688490
2020-07-02 01:00:00,13269243
2020-07-02 02:00:00,8276220
2020-07-02 03:00:00,6229170
2020-07-02 04:00:00,6409770
2020-07-02 05:00:00,8576712
2020-07-02 06:00:00,12557571
2020-07-02 07:00:00,17137077
2020-07-02 08:00:00,21479519
2020-07-02 09:00:00,25516247
2020-07-02 10:00:00,28153702
2020-07-02 11:00:00,29610526
2020-07-02 12:00:00,31261510
2020-07-02 13:00:00,31678808
2020-07-02 14:00:00,33085963
2020-07-02 15:00:00,34632871
2020-07-02 16:00:00,33793580
2020-07-02 17:00:00,33979879
2020-07-02 18:00:00,34525442
2020-07-02 19:00:00,36060431
2020-07-02 20:00:00,37907976
2020-07-02 21:00:00,39312795
2020-07-02 22:00:00,37962306
2020-07-02 23:00:00,31988742
2020-07-03 00:00:00,22211027
2020-07-03 01:00:00,13796264
2020-07-03 02:00:00,8789825
2020-07-03 03:00:00,6631431
2020-07-03 04:00:00,6892776
2020-07-03 05:00:00,9224106
2020-07-03 06:00:00,13378146
2020-07-03 07:00:00,18327023
2020-07-03 08:00:00,22813870
2020-07-03 09:00:00,26687970
2020-07-03 10:00:00,29700125
2020-07-03 11:00:00,30935858
2020-07-03 12:00:00,31433757
2020-07-03 13:00:00,31161589
2020-07-03 14:00:00,31021838
2020-07-03 15:00:00,32234998
2020-07-03 16:00:00,32274110
2020-07-03 17:00:00,32653593
2020-07-03 18:00:00,33115892
2020-07-03 19:00:00,33940380
2020-07-03 20:00:00,36172087
2020-07-03 21:00:00,37924291
2020-07-03 22:00:00,37963678
2020-07-03 23:00:00,32324389
2020-07-04 00:00:00,23096732
2020-07-04 01:00:00,14652658
2020-07-04 02:00:00,9348093
2020-07-04 03:00:00,6821523
2020-07-04 04:00:00,6570093
2020-07-04 05:00:00,8293400
2020-07-04 06:00:00,11670927
2020-07-04 07:00:00,16332369
2020-07-04 08:00:00,21272243
2020-07-04 09:00:00,26770500
2020-07-04 10:00:00,29201064
2020-07-04 11:00:00,30294666
2020-07-04 12:00:00,30362316
2020-07-04 13:00:00,30319127
2020-07-04 14:00:00,29959520
2020-07-04 15:00:00,29633560
2020-07-04 16:00:00,29976418
2020-07-04 17:00:00,29806166
2020-07-04 18:00:00,31011962
2020-07-04 19:00:00,32169116
2020-07-04 20:00:00,34060751
2020-07-04 21:00:00,35704370
2020-07-04 22:00:00,35474607
2020-07-04 23:00:00,30733177
2020-07-05 00:00:00,22447513
2020-07-05 01:00:00,14777479
2020-07-05 02:00:00,9353912
2020-07-05 03:00:00,6711979
2020-07-05 04:00:00,6226586
2020-07-05 05:00:00,7557834
2020-07-05 06:00:00,10493617
2020-07-05 07:00:00,15042281
2020-07-05 08:00:00,20352220
2020-07-05 09:00:00,25408964
2020-07-05 10:00:00,28938370
2020-07-05 11:00:00,30490505
2020-07-05 12:00:00,30761716
2020-07-05 13:00:00,30848549
2020-07-05 14:00:00,30753758
2020-07-05 15:00:00,30490339
2020-07-05 16:00:00,31185524
2020-07-05 17:00:00,32939909
2020-07-05 18:00:00,33154796
2020-07-05 19:00:00,34210802
2020-07-05 20:00:00,35921549
2020-07-05 21:00:00,37548964
2020-07-05 22:00:00,37562627
2020-07-05 23:00:00,31480336
2020-07-06 00:00:00,21691240
2020-07-06 01:00:00,13423360
2020-07-06 02:00:00,8543357
2020-07-06 03:00:00,6459525
2020-07-06 04:00:00,6797220
2020-07-06 05:00:00,9032387
2020-07-06 06:00:00,13242447
2020-07-06 07:00:00,18351082
2020-07-06 08:00:00,22868117
2020-07-06 09:00:00,26628627
2020-07-06 10:00:00,29512639
2020-07-06 11:00:00,30894295
2020-07-06 12:00:00,31457763
2020-07-06 13:00:00,31908479
2020-07-06 14:00:00,32930829
2020-07-06 15:00:00,32861856
2020-07-06 16:00:00,32768913
2020-07-06 17:00:00,33507910
2020-07-06 18:00:00,35953790
2020-07-06 19:00:00,37330164
2020-07-06 20:00:00,38992086
2020-07-06 21:00:00,40726129
2020-07-06 22:00:00,39972942
2020-07-06 23:00:00,33177232
2020-07-07 00:00:00,23087455
2020-07-07 01:00:00,14061903
2020-07-07 02:00:00,8931607
2020-07-07 03:00:00,6877186
2020-07-07 04:00:00,7274102
2020-07-07 05:00:00,9876580
2020-07-07 06:00:00,14817800
2020-07-07 07:00:00,20041587
2020-07-07 08:00:00,24139473
2020-07-07 09:00:00,27836737
2020-07-07 10:00:00,31159930
2020-07-07 11:00:00,32400898
2020-07-07 12:00:00,32258053
2020-07-07 13:00:00,32128630
2020-07-07 14:00:00,32052017
2020-07-07 15:00:00,31724264
2020-07-07 16:00:00,31369978
2020-07-07 17:00:00,32390536
2020-07-07 18:00:00,34696334
2020-07-07 19:00:00,35514497
2020-07-07 20:00:00,37186269
2020-07-07 21:00:00,39683226
2020-07-07 22:00:00,39014573
2020-07-07 23:00:00,31810776
2020-07-08 00:00:00,22080622
2020-07-08 01:00:00,13621755
2020-07-08 02:00:00,8687337
2020-07-08 03:00:00,6823431
2020-07-08 04:00:00,7138248
2020-07-08 05:00:00,9774702
2020-07-08 06:00:00,14524126
2020-07-08 07:00:00,19792033
2020-07-08 08:00:00,24386272
2020-07-08 09:00:00,28844223
2020-07-08 10:00:00,31967635
2020-07-08 11:00:00,34119599
2020-07-08 12:00:00,35031325
2020-07-08 13:00:00,34300099
2020-07-08 14:00:00,34170893
2020-07-08 15:00:00,33795913
2020-07-08 16:00:00,34733557
2020-07-08 17:00:00,33939511
2020-07-08 18:00:00,34410327
2020-07-08 19:00:00,36642237
2020-07-08 20:00:00,39084469
2020-07-08 21:00:00,41720735
2020-07-08 22:00:00,40480682
2020-07-08 23:00:00,33378718
2020-07-09 00:00:00,22395192
2020-07-09 01:00:00,13522590
2020-07-09 02:00:00,8574682
2020-07-09 03:00:00,6552153
2020-07-09 04:00:00,7012280
2020-07-09 05:00:00,9521725
2020-07-09 06:00:00,14053878
2020-07-09 07:00:00,19276369
2020-07-09 08:00:00,23986560
2020-07-09 09:00:00,28237804
2020-07-09 10:00:00,31059700
2020-07-09 11:00:00,33120055
2020-07-09 12:00:00,33576055
2020-07-09 13:00:00,32978682
2020-07-09 14:00:00,32879689
2020-07-09 15:00:00,32560269
2020-07-09 16:00:00,32299959
2020-07-09 17:00:00,32990743
2020-07-09 18:00:00,33739571
2020-07-09 19:00:00,34622564
2020-07-09 20:00:00,37184576
2020-07-09 21:00:00,43007782
2020-07-09 22:00:00,42384037
2020-07-09 23:00:00,37133896
2020-07-10 00:00:00,23987737
2020-07-10 01:00:00,14472529
2020-07-10 02:00:00,9277987
2020-07-10 03:00:00,7164831
2020-07-10 04:00:00,7622667
2020-07-10 05:00:00,10516818
2020-07-10 06:00:00,15652631
2020-07-10 07:00:00,21558069
2020-07-10 08:00:00,26601911
2020-07-10 09:00:00,30322470
2020-07-10 10:00:00,33846918
2020-07-10 11:00:00,35150647
2020-07-10 12:00:00,35470957
2020-07-10 13:00:00,36316836
2020-07-10 14:00:00,35838159
2020-07-10 15:00:00,35439547
2020-07-10 16:00:00,34881723
2020-07-10 17:00:00,35086973
2020-07-10 18:00:00,36130670
2020-07-10 19:00:00,37135121
2020-07-10 20:00:00,39273520
2020-07-10 21:00:00,42949983
2020-07-10 22:00:00,42626198
2020-07-10 23:00:00,35294014
2020-07-11 00:00:00,23785788
2020-07-11 01:00:00,15558445
2020-07-11 02:00:00,10139908
2020-07-11 03:00:00,7463579
2020-07-11 04:00:00,7277217
2020-07-11 05:00:00,9319608
2020-07-11 06:00:00,13440930
2020-07-11 07:00:00,18876214
2020-07-11 08:00:00,24543857
2020-07-11 09:00:00,29846309
2020-07-11 10:00:00,32849491
2020-07-11 11:00:00,34053438
2020-07-11 12:00:00,34108832
2020-07-11 13:00:00,34334373
2020-07-11 14:00:00,35640485
2020-07-11 15:00:00,34056549
2020-07-11 16:00:00,34559535
2020-07-11 17:00:00,37970276
2020-07-11 18:00:00,39534183
2020-07-11 19:00:00,41388187
2020-07-11 20:00:00,43398687
2020-07-11 21:00:00,46815459
2020-07-11 22:00:00,46365967
2020-07-11 23:00:00,38636134
2020-07-12 00:00:00,27135098
2020-07-12 01:00:00,17996433
2020-07-12 02:00:00,11690443
2020-07-12 03:00:00,8524457
2020-07-12 04:00:00,7886625
2020-07-12 05:00:00,9662255
2020-07-12 06:00:00,13452776
2020-07-12 07:00:00,19282788
2020-07-12 08:00:00,25957230
2020-07-12 09:00:00,32500758
2020-07-12 10:00:00,36753986
2020-07-12 11:00:00,38208932
2020-07-12 12:00:00,37733435
2020-07-12 13:00:00,37387246
2020-07-12 14:00:00,37290762
2020-07-12 15:00:00,37086073
2020-07-12 16:00:00,36624957
2020-07-12 17:00:00,37629650
2020-07-12 18:00:00,38884747
2020-07-12 19:00:00,40884646
2020-07-12 20:00:00,42614521
2020-07-12 21:00:00,44253856
2020-07-12 22:00:00,42696116
2020-07-12 23:00:00,35442596
2020-07-13 00:00:00,24368577
2020-07-13 01:00:00,14883357
2020-07-13 02:00:00,9313338
2020-07-13 03:00:00,7145002
2020-07-13 04:00:00,7575566
2020-07-13 05:00:00,10274472
2020-07-13 06:00:00,15147345
2020-07-13 07:00:00,20880006
2020-07-13 08:00:00,26424665
2020-07-13 09:00:00,31091554
2020-07-13 10:00:00,34436963
2020-07-13 11:00:00,36060320
2020-07-13 12:00:00,36503878
2020-07-13 13:00:00,36544630
2020-07-13 14:00:00,36175398
2020-07-13 15:00:00,36739153
2020-07-13 16:00:00,40765136
2020-07-13 17:00:00,40561626
2020-07-13 18:00:00,41575238
2020-07-13 19:00:00,43579034
2020-07-13 20:00:00,46769019
2020-07-13 21:00:00,49402716
2020-07-13 22:00:00,47899346
2020-07-13 23:00:00,37986940
2020-07-14 00:00:00,23730591
2020-07-14 01:00:00,14494652
2020-07-14 02:00:00,9832530
2020-07-14 03:00:00,7494409
2020-07-14 04:00:00,7980696
2020-07-14 05:00:00,10833706
2020-07-14 06:00:00,16077384
2020-07-14 07:00:00,22357086
2020-07-14 08:00:00,27762693
2020-07-14 09:00:00,33108688
2020-07-14 10:00:00,36584670
2020-07-14 11:00:00,38170660
2020-07-14 12:00:00,38394094
2020-07-14 13:00:00,37919994
2020-07-14 14:00:00,36703946
2020-07-14 15:00:00,36421111
2020-07-14 16:00:00,36709631
2020-07-14 17:00:00,36905610
2020-07-14 18:00:00,37818707
2020-07-14 19:00:00,40212429
2020-07-14 20:00:00,42791464
2020-07-14 21:00:00,45471751
2020-07-14 22:00:00,43769881
2020-07-14 23:00:00,35280382
2020-07-15 00:00:00,23162827
2020-07-15 01:00:00,14051109
2020-07-15 02:00:00,8852908
2020-07-15 03:00:00,6789032
2020-07-15 04:00:00,7132378
2020-07-15 05:00:00,9708497
2020-07-15 06:00:00,14251840
2020-07-15 07:00:00,19867281
2020-07-15 08:00:00,24838083
2020-07-15 09:00:00,29539371
2020-07-15 10:00:00,32646712
2020-07-15 11:00:00,34773306
2020-07-15 12:00:00,34705954
2020-07-15 13:00:00,34517200
2020-07-15 14:00:00,34011804
2020-07-15 15:00:00,34182432
2020-07-15 16:00:00,34407797
2020-07-15 17:00:00,34569659
2020-07-15 18:00:00,36314602
2020-07-15 19:00:00,37983591
2020-07-15 20:00:00,40064894
2020-07-15 21:00:00,42469662
2020-07-15 22:00:00,40937462
2020-07-15 23:00:00,33719742
2020-07-16 00:00:00,22748386
2020-07-16 01:00:00,13895166
2020-07-16 02:00:00,8873356
2020-07-16 03:00:00,6775435
2020-07-16 04:00:00,7101795
2020-07-16 05:00:00,9708560
2020-07-16 06:00:00,14175035
2020-07-16 07:00:00,19537323
2020-07-16 08:00:00,24381281
2020-07-16 09:00:00,28491722
2020-07-16 10:00:00,31678082
2020-07-16 11:00:00,32879816
2020-07-16 12:00:00,33171964
2020-07-16 13:00:00,32762298
